{"a8": {"x": 496.0028650623311, "y": 327.7479706226492}, "ft": {"x": 268.84038186800456, "y": 214.50414133725934}, "a3": {"x": 198.2089725207679, "y": 310.02771207126955}, "sd": {"x": 572.371050699037, "y": 215.33756512491067}, "bo": {"x": -11.049323501101902, "y": 204.78042679201397}, "sp": {"x": -171.47137373093716, "y": 209.08162086723726}, "a6": {"x": 198.5035737919844, "y": 358.6815891377965}, "a2": {"x": 69.02047812620181, "y": 276.0060056420546}, "a4": {"x": 340.75277214753453, "y": 282.77664496165954}, "rt": {"x": 422.4269904728908, "y": 440.52185441722094}, "a7": {"x": 342.6057171315674, "y": 375.90437907571356}, "a11": {"x": 911.9566237920685, "y": 278.7676244053302}, "a9": {"x": 496.6833189994674, "y": 374.97945937708135}, "a5": {"x": 496.6833189994674, "y": 282.05691790863796}, "ld": {"x": 912.4788026197057, "y": 440.1618555223643}, "a1": {"x": -92.04901228110428, "y": 276.06314903622126}, "mo": {"x": 616.8596855767283, "y": 437.67998037240443}, "car": {"x": -252.6326451775794, "y": 277.99568405581607}, "dd": {"x": 420.2819754110984, "y": 217.10640851133783}, "ho": {"x": 572.7407580924277, "y": 438.6680609980844}, "bt": {"x": 268.65194377168035, "y": 440.5548349880646}, "md": {"x": 637.7196639585723, "y": 411.0200764532186}, "a10": {"x": 810.8108485653556, "y": 379.091076256216}, "ws5": {"x": 572.1561601203788, "y": 324.08116329924036}, "ws1": {"x": -95.74926024794011, "y": 220.5606705955254}, "ws2": {"x": 131.05240400840248, "y": 417.55466095852023}, "ws3": {"x": 341.0859163464757, "y": 418.7045405472841}, "ws4": {"x": 339.13770213292446, "y": 213.68241652736657}, "d1": {"x": -172.80355034688333, "y": 276.6562550980997}, "d6": {"x": 572.235628943108, "y": 283.4010878146836}, "d10": {"x": 810.9916644127618, "y": 280.41348695101476}, "d8": {"x": 421.71556807838147, "y": 377.05338958772654}, "d3": {"x": 130.09796114249872, "y": 333.5899857931336}, "d4": {"x": 268.54172828880075, "y": 282.93562710484224}, "d2": {"x": -10.904410761407888, "y": 275.9939728733905}, "d11": {"x": 912.1637059254314, "y": 375.4215551822732}, "d7": {"x": 269.0934197617191, "y": 375.93178711726307}, "d5": {"x": 419.93683957847315, "y": 283.10124529618764}, "d9": {"x": 572.6358316037179, "y": 375.10173293734846}}
